Origin,Target,Type
/unlock-higher-earnings-exploring-the-social-media-manager-salary-landscape/,/,301
/social-media-marketing-platforms-elevate-strategy-with-ai-powered-solutions/,/,301
/boost-engagement-with-an-efficient-social-media-schedule-today/,/,301
/ai-social-media-tools-transform-your-social-media-management-effortlessly/,/,301
/best-apps-to-schedule-social-media-posts-for-effortless-management/,/,301
/boost-your-engagement-with-top-social-media-scheduling-programs-today/,/,301
/the-best-social-media-scheduler-app-to-streamline-your-content-creation/,/,301
/best-social-media-scheduling-app-transform-your-strategy-with-ai/,/,301
/books-about-social-media-marketing-essential-reads-for-success/,/,301
/top-social-media-marketing-agencies-in-usa-for-enhanced-brand-visibility/,/,301
/boost-your-strategy-with-essential-books-on-social-media-management/,/,301
/how-the-3h-content-strategy-transforms-social-media-management/,/,301
/social-media-marketing-utah-elevate-your-brand-with-ai-solutions/,/,301
/best-social-management-tools-to-elevate-your-social-media-strategy/,/,301
/best-social-media-scheduling-apps-to-boost-your-marketing-strategy/,/,301
/maximize-your-efficiency-with-a-social-media-scheduler-template/,/,301
/best-social-media-apps-to-boost-engagement-and-streamline-management/,/,301
/best-ai-for-social-media-elevate-your-content-creation-effortlessly/,/,301
/oba-framework-social-media-marketing/,/,301
/best-social-media-scheduling-tools-for-effortless-management-and-engagement/,/,301
/best-ai-social-media-post-generator-to-enhance-your-online-presence/,/,301
/cheap-social-media-advertising-elevate-your-brand-without-the-cost/,/,301
/virtusa-content-curation-interview-questions-ace-your-next-interview/,/,301
/maximize-engagement-effortlessly-with-ai-social-media-tools-today/,/,301
/ai-in-social-media-marketing-transform-content-creation-and-engage-audiences/,/,301
/social-media-scheduling-calendar-simplify-your-content-management/,/,301
/boost-your-productivity-with-social-media-scheduling-programs-today/,/,301
/what-is-content-strategy-for-social-media-elevate-your-brands-presence/,/,301
/best-social-apps-elevate-your-social-media-management-effortlessly/,/,301
/can-social-media-marketing-really-help-my-business-discover-the-benefits/,/,301
/unlocking-the-power-of-bookmarking-and-content-curation-networks-for-social-media-success/,/,301
/the-best-social-media-scheduling-apps-for-effortless-content-management/,/,301
/top-5-social-media-management-tools-for-effortless-digital-domination/,/,301
/how-to-become-a-social-media-manager-unlock-your-path-to-online-success/,/,301
/social-media-marketing-is-important-unlock-engagement-and-growth/,/,301
/cheapest-social-media-scheduler-boost-engagement-with-ai-power/,/,301
/best-content-curation-tools-to-elevate-social-media-strategies/,/,301
/how-to-schedule-social-media-posts-for-engaging-content-strategy/,/,301
/best-social-media-scheduler-for-small-business-boost-engagement-effortlessly/,/,301
/best-social-media-scheduler-elevate-your-brand-with-ai-powered-tools/,/,301
/best-social-media-scheduling-software-for-effortless-content-creation/,/,301
/harness-the-power-of-social-media-scheduling-tools-for-effective-marketing/,/,301
/content-curation-services-elevate-your-social-media-management-game/,/,301
/best-social-media-management-tools-elevate-your-strategy-with-ai/,/,301
/maximize-content-creation-and-social-media-efficiency-with-ai/,/,301
/social-media-marketing-for-local-businesses-elevate-your-brand-with-ai-solutions/,/,301
/social-media-rates-optimize-your-strategy-with-ai-powered-solutions/,/,301
/unlocking-your-potential-the-truth-about-social-media-management-salary/,/,301
/boost-your-brands-reach-with-effective-social-media-and-management-strategies/,/,301
/author/glowsocialcontent/,/,301
/called,,410
/onboarding-standard/,,410
/?p=3773,,410
/op-funnel-next-step/4785,,410
